bootstrap_floor,context,cos_to_null,n_paraphrases,norm,norm_ratio_to_null,paraphrase_cos_to_null_mean,paraphrase_floor,trait
0.991197407245636,auto_grader,0.8082732558250427,5,75.06690216064453,1.0463569164276123,0.7632070660591126,0.9035285472869873,assertiveness
0.9919514060020447,human_evaluator,0.9003329873085022,5,76.11788940429688,1.0610065460205078,0.8799022078514099,0.9304850339889527,assertiveness
0.9911782741546631,simulated_env,0.9248906373977661,5,75.98402404785156,1.059140682220459,0.9030480861663819,0.9603988647460937,assertiveness
0.992357611656189,real_deployment,0.8734140396118164,5,77.27532958984375,1.0771400928497314,0.8724441409111023,0.9433943748474121,assertiveness
0.9916782975196838,under_evaluation,0.8958590626716614,5,73.86952209472656,1.0296666622161865,0.870963191986084,0.934224534034729,assertiveness
0.9906164407730103,unobserved,0.9171597957611084,5,74.20133972167969,1.0342918634414673,0.9145706534385681,0.9601188838481903,assertiveness
0.9867005944252014,coding_harness,0.8450830578804016,5,67.34595489501953,0.9387346506118774,0.7989254236221314,0.9370093703269958,assertiveness
0.9928410053253174,auto_grader,0.8199821710586548,5,84.37873077392578,1.0914385318756104,0.764997124671936,0.9099263489246369,confidence
0.9931066632270813,human_evaluator,0.8837790489196777,5,82.68660736083984,1.0695509910583496,0.8691013813018799,0.9267378985881806,confidence
0.992548942565918,simulated_env,0.914603054523468,5,81.82424926757812,1.058396339416504,0.8901039123535156,0.9658713161945343,confidence
0.9935538172721863,real_deployment,0.8652558326721191,5,85.21417999267578,1.1022450923919678,0.8403444409370422,0.9404151260852813,confidence
0.9945498108863831,under_evaluation,0.8706362247467041,5,87.8228988647461,1.1359888315200806,0.8315116167068481,0.9370364725589753,confidence
0.9937260746955872,unobserved,0.8967134952545166,5,89.7567367553711,1.1610031127929688,0.9020497322082519,0.9609586536884308,confidence
0.9916038513183594,coding_harness,0.8485192060470581,5,82.42155456542969,1.0661225318908691,0.7886319994926453,0.951312392950058,confidence
0.9547542929649353,auto_grader,0.7849040627479553,5,33.36188888549805,1.1128120422363281,0.7084294319152832,0.887069183588028,deference
0.9602319598197937,human_evaluator,0.8376935720443726,5,34.69309616088867,1.1572154760360718,0.7786091327667236,0.9108329713344574,deference
0.9629278779029846,simulated_env,0.8556445837020874,5,36.51055908203125,1.2178384065628052,0.8302737474441528,0.9467314541339874,deference
0.9707180857658386,real_deployment,0.7910873889923096,5,39.189640045166016,1.3072012662887573,0.7593954563140869,0.9312627673149109,deference
0.959534227848053,under_evaluation,0.8458064198493958,5,33.86005783081055,1.1294288635253906,0.7927001237869262,0.9270156741142273,deference
0.9618883728981018,unobserved,0.8655044436454773,5,36.481693267822266,1.2168755531311035,0.8423645734786988,0.9544230222702026,deference
0.9404029846191406,coding_harness,0.7905433177947998,5,31.502256393432617,1.0507824420928955,0.7388752102851868,0.9225567817687989,deference
0.9892722368240356,auto_grader,0.8341049551963806,5,70.02021789550781,0.8640874028205872,0.7764498114585876,0.9205752432346344,empathy
0.9922805428504944,human_evaluator,0.908292293548584,5,79.25161743164062,0.9780078530311584,0.8887581586837768,0.9373027861118317,empathy
0.9925898909568787,simulated_env,0.9268244504928589,5,83.19632720947266,1.026687741279602,0.9167974591255188,0.9677875757217407,empathy
0.9941521883010864,real_deployment,0.8780750036239624,5,88.12400817871094,1.0874979496002197,0.8773954510688782,0.9581965267658233,empathy
0.9915611147880554,under_evaluation,0.9103168249130249,5,75.75103759765625,0.9348087906837463,0.8820879459381104,0.9491823077201843,empathy
0.9924673438072205,unobserved,0.9035148024559021,5,81.90437316894531,1.010744333267212,0.9294061541557312,0.9721802711486817,empathy
0.9882222414016724,coding_harness,0.8415516018867493,5,70.21028900146484,0.8664329648017883,0.7840590000152587,0.9562743067741394,empathy
0.9815611243247986,auto_grader,0.7935826182365417,5,53.360877990722656,1.0345194339752197,0.741883659362793,0.9037049055099488,honesty
0.9845098257064819,human_evaluator,0.8837600350379944,5,57.45508575439453,1.1138948202133179,0.8748751401901245,0.9269472479820251,honesty
0.9841930270195007,simulated_env,0.9123576283454895,5,57.6699333190918,1.1180601119995117,0.8946019530296325,0.9618501961231232,honesty
0.985862672328949,real_deployment,0.8662115335464478,5,58.2940559387207,1.1301600933074951,0.8503897905349731,0.9418171226978302,honesty
0.9866201877593994,under_evaluation,0.8993561267852783,5,58.586490631103516,1.1358295679092407,0.8730168581008911,0.939838320016861,honesty
0.98176509141922,unobserved,0.9060524702072144,5,54.25273895263672,1.0518101453781128,0.9170680165290832,0.9577903509140014,honesty
0.9818011522293091,coding_harness,0.837110161781311,5,58.76265335083008,1.1392449140548706,0.7813282489776612,0.9514968872070313,honesty
0.9833988547325134,auto_grader,0.753703236579895,5,54.81926727294922,1.1863840818405151,0.712334930896759,0.9024052143096923,impulsivity
0.9816394448280334,human_evaluator,0.8588371872901917,5,50.6462516784668,1.096072793006897,0.8449484944343567,0.9243938148021698,impulsivity
0.9809017181396484,simulated_env,0.902803361415863,5,50.335838317871094,1.0893548727035522,0.8846949696540832,0.9586881458759308,impulsivity
0.983928382396698,real_deployment,0.8696792125701904,5,53.53622055053711,1.1586166620254517,0.8341480970382691,0.932359230518341,impulsivity
0.9861446619033813,under_evaluation,0.879485011100769,5,55.74924087524414,1.206510305404663,0.830605685710907,0.9333175420761108,impulsivity
0.9756298065185547,unobserved,0.8467257618904114,5,45.8756103515625,0.992827832698822,0.8857883214950562,0.94973583817482,impulsivity
0.9759408831596375,coding_harness,0.8430235385894775,5,47.622196197509766,1.0306270122528076,0.7800961852073669,0.9324533581733704,impulsivity
0.9815230369567871,auto_grader,0.7396447658538818,5,52.79270935058594,1.0753142833709717,0.7031320452690124,0.8823821425437928,risk_taking
0.9797598719596863,human_evaluator,0.8529905676841736,5,48.61030960083008,0.990124523639679,0.831039547920227,0.9219760298728943,risk_taking
0.979709804058075,simulated_env,0.889808177947998,5,49.13905334472656,1.00089430809021,0.8768852353096008,0.9439229071140289,risk_taking
0.9770825505256653,real_deployment,0.8004159927368164,5,46.31888198852539,0.9434513449668884,0.7961150169372558,0.8996654033660889,risk_taking
0.976552426815033,under_evaluation,0.8224563598632812,5,43.4902458190918,0.8858359456062317,0.7628074049949646,0.8740701138973236,risk_taking
0.984611451625824,unobserved,0.8364601731300354,5,56.77495193481445,1.156427025794983,0.8765272498130798,0.9435710310935974,risk_taking
0.9732557535171509,coding_harness,0.7918370962142944,5,45.975643157958984,0.9364600777626038,0.7738994121551513,0.92563197016716,risk_taking
0.9866594672203064,auto_grader,0.8578372597694397,5,60.7179069519043,0.8762775659561157,0.7926347017288208,0.9212036192417145,warmth
0.9899828433990479,human_evaluator,0.9112653136253357,5,67.40583038330078,0.9727972745895386,0.9023689985275268,0.9423424184322358,warmth
0.9904147386550903,simulated_env,0.9331109523773193,5,71.26197052001953,1.0284489393234253,0.9195951700210572,0.9701210916042328,warmth
0.9934716820716858,real_deployment,0.8886126279830933,5,80.14900207519531,1.1567060947418213,0.8742050886154175,0.958663922548294,warmth
0.9885808229446411,under_evaluation,0.9120661020278931,5,62.6710205078125,0.9044647812843323,0.878643798828125,0.9519118666648865,warmth
0.9909951090812683,unobserved,0.9229780435562134,5,73.19873046875,1.0564000606536865,0.9346935391426087,0.9727661073207855,warmth
0.986407458782196,coding_harness,0.8546482920646667,5,64.35700225830078,0.9287967681884766,0.8064846158027649,0.9586158633232117,warmth
